<?xml version="1.0" encoding="UTF-8" standalone="yes"?>
<addon id="script.plex"
       name="Plex"
       version="0.1.3"
       provider-name="Plex">
    <requires>
        <import addon="xbmc.python" version="2.24.0"/>
        <import addon="script.module.requests" version="2.3.0"/>
    </requires>
    <extension point="xbmc.python.script" library="default.py">
        <provides>video</provides>
    </extension>
    <extension point="xbmc.python.pluginsource" library="plugin.py">
        <provides>executable</provides>
    </extension>
    <extension point="xbmc.service" library="service.py" start="startup"></extension>
    <extension point="xbmc.addon.metadata">
        <summary lang="en">Plex for Kodi</summary>
        <summary lang="de">Plex für Kodi</summary>
        <summary lang="hu">Plex for Kodi</summary>
        <description lang="en">Official Plex for Kodi add-on</description>
        <description lang="de">Offizielles Plex für Kodi Addon</description>
        <description lang="hu">Hivatalos Plex for Kodi add-on</description>
        <description lang="fr">Add-on Officiel Plex pour Kodi</description>
        <license>GNU GENERAL PUBLIC LICENSE. Version 2, June 1991</license>
        <forum>https://forums.plex.tv/categories/plex-for-kodi</forum>
        <website>https://www.plex.tv</website>
        <source>https://github.com/plexinc/plex-for-kodi</source>
        <platform>all</platform>
    </extension>
</addon>
