<?xml version="1.0" encoding="UTF-8" standalone="yes"?>
<addon id="plugin.video.youporn" 
	     name="YouPorn Reborn" 
	     version="1.0.0" 
	     provider-name="Man Cave Entertainment">
  <requires>
	<import addon="xbmc.python" version="2.1.0" />
    <import addon="script.module.urlresolver" />
    <import addon="script.module.urlresolver.xxx"/>
  </requires>
  <extension point="xbmc.python.script" library="default.py">
    <provides>video</provides>
  </extension>
  <extension point="xbmc.addon.metadata">
    <platform>all</platform>
    <summary lang="en">OVER 18 ONLY This is a fork all credit to original Devs</summary>
    <description lang="en">YouPorn Scraper 18+ Only</description>
    <disclaimer lang="en"></disclaimer>
    <language></language>
    <platform>all</platform>
    <license>GNU GENERAL PUBLIC LICENSE. Version 2, June 1991</license>
    <forum></forum>
    <website></website>
    <email></email>
  </extension>
</addon>